{
  "strategy_a_group_kfold": {
    "R2": 0.1779919531349261,
    "RMSE": 7.552638188962693,
    "MAE": 5.0223713916347315
  },
  "strategy_b_point_kfold": {
    "R2": -0.3680407638833161,
    "RMSE": 9.743391759699012,
    "MAE": 6.858665997290743
  }
}