{
  "R2": 0.6774232086348202,
  "RMSE": 4.736473400935287,
  "MAE": 2.79453352215631,
  "n": 825,
  "cl": 0.61904296875
}