{
  "rmse": 9.864702676489733,
  "mae": 7.086511999241852,
  "r2": -0.39923581356836246,
  "bias": 1.3940009425681923,
  "n": 825,
  "time_seconds": 3366.4897940158844
}