fold,rmse,mae,r2,bias
1,9.959972447656265,6.990112010655399,-0.30965126295995926,6.113332295641325
2,5.180070483196868,3.24422968358242,0.23138685553263727,0.07056241444830878
3,5.692717262744121,3.6220055025031983,0.1261780101428821,0.5322338244489159
4,8.34378121561612,5.6302385040995375,0.20860482421173232,2.845698675160175
5,9.944846978560031,6.835070465412857,-0.23322160498665778,-1.0393319105362258
