fold,rmse,mae,r2,bias
1,11.584371420298668,8.76461202716699,-0.7716761509038441,7.740873158219247
2,5.886897138244377,4.068809356155224,0.0073197896051938605,-1.9652684482182217
3,5.433980696472604,3.5548472800231905,0.20380412490044075,0.5182883316894474
4,9.513358574300675,6.196734143210393,-0.028810328450101785,4.273857761175888
5,9.423555915535736,5.563200606748904,-0.1073235546705944,3.8087254102360943
