fold,rmse,mae,r2,bias
1,9.86253819334757,7.19691471128353,-0.11857691156200323,4.918751165230781
2,8.20394096577902,5.391822936114638,-0.21422413558566866,3.6842911014589763
3,5.715193391523804,3.0398285866419834,-0.027452502937615586,0.3508726150022949
4,8.834161182153668,7.374759128755466,-0.2651643107282573,-3.5767929618786405
5,7.608842354754441,4.643442668868479,-0.06265128089075844,2.073086554665186
