fold,n_blocks,rmse,mae,r2,bias
all,136,5.739979583201688,3.5772053501576018,0.46892919732953164,1.9130357383194687
