fold,n_blocks,rmse,mae,r2,bias
all,136,8.175151247958729,5.520200310495265,-0.07726691642597006,2.6196104559498785
