fold,rmse,mae,r2,bias
all,4.73679498734789,2.7950311913618178,0.6773794039616086,1.320925292953709
