fold,rmse,mae,r2,bias
1,10.25341221904591,6.892895685109739,-0.20899718641532505,4.561858436799694
2,6.752615718743277,4.53623870546694,0.17738262396396265,2.445800788330037
3,5.095322451106383,2.848699943004038,0.18333632436141123,0.9786156471071958
4,8.317402677058931,5.403635526402244,-0.12148056126548434,2.3200444659705566
5,9.015130001031064,5.930963143374983,-0.491755285264573,-1.4688604186053664
