fold,rmse,mae,r2,bias
1,10.200639419347132,7.292102528291767,-0.19658415262173978,4.513505948450851
2,7.306120887017164,5.54843811439266,0.03699727598312097,1.086382324686804
3,6.27855642110186,3.8659222249659773,-0.2399937486041861,-1.116079914295959
4,6.892418309656616,5.321685233025603,0.22987796533992655,-1.7894976182832478
5,6.681496079939786,4.896501936108284,0.18059042673203884,-0.7011855768048282
