fold,rmse,mae,r2,bias
1,9.564433621447208,6.5356196832038025,-0.20051189837053096,0.09628708357247379
2,7.33236269796658,4.996938564639324,0.21002097014731136,0.9314756789104385
3,7.726732017065691,4.314052742220914,-0.002142546776665366,3.3905301624672486
4,8.280687877073852,5.486517977343004,0.1616064638561775,2.7436817405069744
5,7.279276768453939,4.719314715242088,0.0964952513541335,0.26247781701413053
