fold,rmse,mae,r2,bias
1,7.555201219886029,5.32369380443305,0.2508996070207268,1.8829030911518183
2,8.269946959358117,5.864420509999228,-0.004923801568573971,1.8585612513928973
3,7.549485621850501,4.5383520940633115,0.04330715618585057,2.148862014538452
4,8.172775258970752,5.041839162159268,0.1833157050001607,1.9445141899839464
5,6.881063864463398,4.601865868549317,0.19264386018467172,-0.013347442479756295
