{
  "SBCV/OK_Point": {
    "rmse": 8.111330108221962,
    "mae": 5.135550476516759,
    "r2": 0.05396530322931836,
    "bias": 1.8113759100148232
  },
  "SBCV/GNN": {
    "rmse": 7.631584870818314,
    "mae": 5.401052416654723,
    "r2": 0.1625625298504879,
    "bias": 0.42060492465552995
  },
  "LOOCV/OK_Point": {
    "rmse": 4.73679498734789,
    "mae": 2.7950311913618178,
    "r2": 0.6773794039616086,
    "bias": 1.320925292953709
  },
  "BHID_Group/OK_Point": {
    "rmse": 8.064300833210853,
    "mae": 5.2459472766838875,
    "r2": 0.06490366859572594,
    "bias": 1.7023670378489
  },
  "BHID_Group/GNN": {
    "rmse": 8.671749887126422,
    "mae": 5.6184249427797015,
    "r2": -0.08127559024883246,
    "bias": 2.8421841187244388
  },
  "Strat_BHID/OK_Point": {
    "rmse": 8.11192173017028,
    "mae": 5.240752751704683,
    "r2": 0.053827294963239125,
    "bias": 1.4597427379672263
  },
  "Strat_BHID/GNN": {
    "rmse": 7.70572165760366,
    "mae": 5.082813715826943,
    "r2": 0.14621298117211112,
    "bias": 1.571196618158014
  },
  "LOO_Block/OK_Point": {
    "rmse": 5.739979583201688,
    "mae": 3.5772053501576018,
    "r2": 0.46892919732953164,
    "bias": 1.9130357383194687
  },
  "LOO_Block/GNN": {
    "rmse": 8.175151247958729,
    "mae": 5.520200310495265,
    "r2": -0.07726691642597006,
    "bias": 2.6196104559498785
  }
}